<?xml version="1.0" encoding="UTF-16"?>
<Task version="1.2" xmlns="http://schemas.microsoft.com/windows/2004/02/mit/task">
  <RegistrationInfo>
    <Date>2025-05-08T14:21:44.5149303</Date>
    <Author>INSTANCE-202504\yehiad</Author>
    <Description>delay start : 3 minutes</Description>
    <URI>\create-instance.txt</URI>
  </RegistrationInfo>
  <Principals>
    <Principal id="Author">
      <UserId>S-1-5-21-533202466-3188856521-155368880-1000</UserId>
      <LogonType>InteractiveToken</LogonType>
      <RunLevel>HighestAvailable</RunLevel>
    </Principal>
  </Principals>
  <Settings>
    <DisallowStartIfOnBatteries>true</DisallowStartIfOnBatteries>
    <StopIfGoingOnBatteries>true</StopIfGoingOnBatteries>
    <MultipleInstancesPolicy>IgnoreNew</MultipleInstancesPolicy>
    <IdleSettings>
      <StopOnIdleEnd>true</StopOnIdleEnd>
      <RestartOnIdle>false</RestartOnIdle>
    </IdleSettings>
  </Settings>
  <Triggers>
    <BootTrigger>
      <Delay>PT3M</Delay>
    </BootTrigger>
  </Triggers>
  <Actions Context="Author">
    <Exec>
      <Command>"C:\postify\posts\create-instance name.bat"</Command>
    </Exec>
  </Actions>
</Task>