<?xml version="1.0" encoding="UTF-16"?>
<Task version="1.2" xmlns="http://schemas.microsoft.com/windows/2004/02/mit/task">
  <RegistrationInfo>
    <Date>2025-05-03T11:01:25.3644791</Date>
    <Author>INSTANCE-202504\yehiad</Author>
    <Description>delay start : 5 minutes</Description>
    <URI>\Postify Startup Script</URI>
  </RegistrationInfo>
  <Principals>
    <Principal id="Author">
      <UserId>S-1-5-21-533202466-3188856521-155368880-1000</UserId>
      <LogonType>Password</LogonType>
      <RunLevel>HighestAvailable</RunLevel>
    </Principal>
  </Principals>
  <Settings>
    <DisallowStartIfOnBatteries>false</DisallowStartIfOnBatteries>
    <StopIfGoingOnBatteries>true</StopIfGoingOnBatteries>
    <MultipleInstancesPolicy>IgnoreNew</MultipleInstancesPolicy>
    <IdleSettings>
      <StopOnIdleEnd>true</StopOnIdleEnd>
      <RestartOnIdle>false</RestartOnIdle>
    </IdleSettings>
  </Settings>
  <Triggers>
    <BootTrigger>
      <Delay>PT5M</Delay>
    </BootTrigger>
  </Triggers>
  <Actions Context="Author">
    <Exec>
      <Command>"C:\postify\posts\log server stratup.bat"</Command>
    </Exec>
    <Exec>
      <Command>C:\postify\posts\run-startup-mail.bat</Command>
    </Exec>
  </Actions>
</Task>