<?xml version="1.0" encoding="UTF-16"?>
<Task version="1.2" xmlns="http://schemas.microsoft.com/windows/2004/02/mit/task">
  <RegistrationInfo>
    <Date>2025-06-07T12:02:10.6344239</Date>
    <Author>INSTANCE-202504\yehiad</Author>
    <Description>delay start : 2 minutes</Description>
    <URI>\update-important-files</URI>
  </RegistrationInfo>
  <Principals>
    <Principal id="Author">
      <UserId>S-1-5-21-533202466-3188856521-155368880-1000</UserId>
      <LogonType>InteractiveToken</LogonType>
      <RunLevel>HighestAvailable</RunLevel>
    </Principal>
  </Principals>
  <Settings>
    <AllowHardTerminate>false</AllowHardTerminate>
    <DisallowStartIfOnBatteries>false</DisallowStartIfOnBatteries>
    <StopIfGoingOnBatteries>true</StopIfGoingOnBatteries>
    <ExecutionTimeLimit>PT0S</ExecutionTimeLimit>
    <MultipleInstancesPolicy>IgnoreNew</MultipleInstancesPolicy>
    <IdleSettings>
      <StopOnIdleEnd>true</StopOnIdleEnd>
      <RestartOnIdle>false</RestartOnIdle>
    </IdleSettings>
  </Settings>
  <Triggers>
    <BootTrigger>
      <Delay>PT2M</Delay>
    </BootTrigger>
  </Triggers>
  <Actions Context="Author">
    <Exec>
      <Command>C:\update-important-files.bat</Command>
    </Exec>
  </Actions>
</Task>