{
  "scanDate": "2025-09-09T04:38:09.751Z",
  "totalGroups": 4,
  "successfulScans": 0,
  "failedScans": 4,
  "results": [
    {
      "groupName": "קבוצה 251476145048376",
      "groupUrl": "https://www.facebook.com/groups/251476145048376",
      "statusUrl": "https://www.facebook.com/groups/251476145048376/my_posted_content",
      "posts": [],
      "scanTime": "2025-09-09T04:38:03.732Z",
      "success": false,
      "error": "Attempted to use detached Frame 'ED2EF7900DD336FD5517280CC1C0EA23'.",
      "postFile": "log-entry",
      "postTitle": "פרסום מהלוג"
    },
    {
      "groupName": "קבוצה 240377650391486",
      "groupUrl": "https://www.facebook.com/groups/240377650391486",
      "statusUrl": "https://www.facebook.com/groups/240377650391486/my_posted_content",
      "posts": [],
      "scanTime": "2025-09-09T04:38:05.737Z",
      "success": false,
      "error": "Attempted to use detached Frame 'ED2EF7900DD336FD5517280CC1C0EA23'.",
      "postFile": "log-entry",
      "postTitle": "פרסום מהלוג"
    },
    {
      "groupName": "קבוצה dirotlehascarabeherzelia",
      "groupUrl": "https://www.facebook.com/groups/dirotlehascarabeherzelia",
      "statusUrl": "https://www.facebook.com/groups/dirotlehascarabeherzelia/my_posted_content",
      "posts": [],
      "scanTime": "2025-09-09T04:38:07.741Z",
      "success": false,
      "error": "Attempted to use detached Frame 'ED2EF7900DD336FD5517280CC1C0EA23'.",
      "postFile": "log-entry",
      "postTitle": "פרסום מהלוג"
    },
    {
      "groupName": "קבוצה 1018053589723035",
      "groupUrl": "https://www.facebook.com/groups/1018053589723035",
      "statusUrl": "https://www.facebook.com/groups/1018053589723035/my_posted_content",
      "posts": [],
      "scanTime": "2025-09-09T04:38:09.749Z",
      "success": false,
      "error": "Attempted to use detached Frame 'ED2EF7900DD336FD5517280CC1C0EA23'.",
      "postFile": "log-entry",
      "postTitle": "פרסום מהלוג"
    }
  ]
}