{
  "scanDate": "2025-09-09T08:06:14.500Z",
  "totalGroups": 2,
  "successfulScans": 2,
  "failedScans": 0,
  "results": [
    {
      "groupName": "קבוצה 118968442148370",
      "groupUrl": "https://www.facebook.com/groups/118968442148370",
      "statusUrl": "https://www.facebook.com/groups/118968442148370/my_posted_content",
      "posts": [
        {
          "postId": 1,
          "status": "published",
          "preview": "פוסט published",
          "tabText": "פורסמומחוון תוכן חדש‏13‏ פוסטי"
        },
        {
          "postId": 2,
          "status": "published",
          "preview": "פוסט published",
          "tabText": "פורסמומחוון תוכן חדש‏13‏ פוסטי"
        },
        {
          "postId": 3,
          "status": "published",
          "preview": "פוסט published",
          "tabText": "פורסמומחוון תוכן חדש‏13‏ פוסטי"
        },
        {
          "postId": 4,
          "status": "published",
          "preview": "פוסט published",
          "tabText": "פורסמומחוון תוכן חדש‏13‏ פוסטי"
        },
        {
          "postId": 5,
          "status": "published",
          "preview": "פוסט published",
          "tabText": "פורסמומחוון תוכן חדש‏13‏ פוסטי"
        },
        {
          "postId": 6,
          "status": "published",
          "preview": "פוסט published",
          "tabText": "פורסמומחוון תוכן חדש‏13‏ פוסטי"
        },
        {
          "postId": 7,
          "status": "published",
          "preview": "פוסט published",
          "tabText": "פורסמומחוון תוכן חדש‏13‏ פוסטי"
        },
        {
          "postId": 8,
          "status": "published",
          "preview": "פוסט published",
          "tabText": "פורסמומחוון תוכן חדש‏13‏ פוסטי"
        },
        {
          "postId": 9,
          "status": "published",
          "preview": "פוסט published",
          "tabText": "פורסמומחוון תוכן חדש‏13‏ פוסטי"
        },
        {
          "postId": 10,
          "status": "published",
          "preview": "פוסט published",
          "tabText": "פורסמומחוון תוכן חדש‏13‏ פוסטי"
        },
        {
          "postId": 11,
          "status": "published",
          "preview": "פוסט published",
          "tabText": "פורסמומחוון תוכן חדש‏13‏ פוסטי"
        },
        {
          "postId": 12,
          "status": "published",
          "preview": "פוסט published",
          "tabText": "פורסמומחוון תוכן חדש‏13‏ פוסטי"
        },
        {
          "postId": 13,
          "status": "published",
          "preview": "פוסט published",
          "tabText": "פורסמומחוון תוכן חדש‏13‏ פוסטי"
        },
        {
          "postId": 14,
          "status": "published",
          "preview": "פוסט published",
          "tabText": "פורסמומחוון תוכן חדש‏13‏ פוסטי"
        },
        {
          "postId": 15,
          "status": "published",
          "preview": "פוסט published",
          "tabText": "פורסמומחוון תוכן חדש‏13‏ פוסטי"
        },
        {
          "postId": 16,
          "status": "published",
          "preview": "פוסט published",
          "tabText": "פורסמומחוון תוכן חדש‏13‏ פוסטי"
        },
        {
          "postId": 17,
          "status": "published",
          "preview": "פוסט published",
          "tabText": "פורסמומחוון תוכן חדש‏13‏ פוסטי"
        },
        {
          "postId": 18,
          "status": "published",
          "preview": "פוסט published",
          "tabText": "פורסמומחוון תוכן חדש‏13‏ פוסטי"
        },
        {
          "postId": 19,
          "status": "published",
          "preview": "פוסט published",
          "tabText": "פורסמומחוון תוכן חדש‏13‏ פוסטי"
        },
        {
          "postId": 20,
          "status": "published",
          "preview": "פוסט published",
          "tabText": "פורסמומחוון תוכן חדש‏13‏ פוסטי"
        },
        {
          "postId": 21,
          "status": "published",
          "preview": "פוסט published",
          "tabText": "פורסמומחוון תוכן חדש‏13‏ פוסטי"
        },
        {
          "postId": 22,
          "status": "published",
          "preview": "פוסט published",
          "tabText": "פורסמומחוון תוכן חדש‏13‏ פוסטי"
        },
        {
          "postId": 23,
          "status": "published",
          "preview": "פוסט published",
          "tabText": "פורסמומחוון תוכן חדש‏13‏ פוסטי"
        },
        {
          "postId": 24,
          "status": "published",
          "preview": "פוסט published",
          "tabText": "פורסמומחוון תוכן חדש‏13‏ פוסטי"
        },
        {
          "postId": 25,
          "status": "published",
          "preview": "פוסט published",
          "tabText": "פורסמומחוון תוכן חדש‏13‏ פוסטי"
        },
        {
          "postId": 26,
          "status": "published",
          "preview": "פוסט published",
          "tabText": "פורסמומחוון תוכן חדש‏13‏ פוסטי"
        }
      ],
      "totalPosts": 26,
      "statusCounts": {
        "published": 26,
        "pending": 0,
        "rejected": 0,
        "removed": 0,
        "draft": 0,
        "unknown": 0
      },
      "scanTime": "2025-09-09T08:06:03.657Z",
      "success": true
    },
    {
      "groupName": "קבוצה Digital.Marketing.Israel",
      "groupUrl": "https://www.facebook.com/groups/Digital.Marketing.Israel",
      "statusUrl": "https://www.facebook.com/groups/Digital.Marketing.Israel/my_posted_content",
      "posts": [
        {
          "postId": 1,
          "status": "pending",
          "preview": "פוסט pending",
          "tabText": "בהמתנהמחוון תוכן חדש‏21‏ פוסטי"
        },
        {
          "postId": 2,
          "status": "pending",
          "preview": "פוסט pending",
          "tabText": "בהמתנהמחוון תוכן חדש‏21‏ פוסטי"
        },
        {
          "postId": 3,
          "status": "pending",
          "preview": "פוסט pending",
          "tabText": "בהמתנהמחוון תוכן חדש‏21‏ פוסטי"
        },
        {
          "postId": 4,
          "status": "pending",
          "preview": "פוסט pending",
          "tabText": "בהמתנהמחוון תוכן חדש‏21‏ פוסטי"
        },
        {
          "postId": 5,
          "status": "pending",
          "preview": "פוסט pending",
          "tabText": "בהמתנהמחוון תוכן חדש‏21‏ פוסטי"
        },
        {
          "postId": 6,
          "status": "pending",
          "preview": "פוסט pending",
          "tabText": "בהמתנהמחוון תוכן חדש‏21‏ פוסטי"
        },
        {
          "postId": 7,
          "status": "pending",
          "preview": "פוסט pending",
          "tabText": "בהמתנהמחוון תוכן חדש‏21‏ פוסטי"
        },
        {
          "postId": 8,
          "status": "pending",
          "preview": "פוסט pending",
          "tabText": "בהמתנהמחוון תוכן חדש‏21‏ פוסטי"
        },
        {
          "postId": 9,
          "status": "pending",
          "preview": "פוסט pending",
          "tabText": "בהמתנהמחוון תוכן חדש‏21‏ פוסטי"
        },
        {
          "postId": 10,
          "status": "pending",
          "preview": "פוסט pending",
          "tabText": "בהמתנהמחוון תוכן חדש‏21‏ פוסטי"
        },
        {
          "postId": 11,
          "status": "pending",
          "preview": "פוסט pending",
          "tabText": "בהמתנהמחוון תוכן חדש‏21‏ פוסטי"
        },
        {
          "postId": 12,
          "status": "pending",
          "preview": "פוסט pending",
          "tabText": "בהמתנהמחוון תוכן חדש‏21‏ פוסטי"
        },
        {
          "postId": 13,
          "status": "pending",
          "preview": "פוסט pending",
          "tabText": "בהמתנהמחוון תוכן חדש‏21‏ פוסטי"
        },
        {
          "postId": 14,
          "status": "pending",
          "preview": "פוסט pending",
          "tabText": "בהמתנהמחוון תוכן חדש‏21‏ פוסטי"
        },
        {
          "postId": 15,
          "status": "pending",
          "preview": "פוסט pending",
          "tabText": "בהמתנהמחוון תוכן חדש‏21‏ פוסטי"
        },
        {
          "postId": 16,
          "status": "pending",
          "preview": "פוסט pending",
          "tabText": "בהמתנהמחוון תוכן חדש‏21‏ פוסטי"
        },
        {
          "postId": 17,
          "status": "pending",
          "preview": "פוסט pending",
          "tabText": "בהמתנהמחוון תוכן חדש‏21‏ פוסטי"
        },
        {
          "postId": 18,
          "status": "pending",
          "preview": "פוסט pending",
          "tabText": "בהמתנהמחוון תוכן חדש‏21‏ פוסטי"
        },
        {
          "postId": 19,
          "status": "pending",
          "preview": "פוסט pending",
          "tabText": "בהמתנהמחוון תוכן חדש‏21‏ פוסטי"
        },
        {
          "postId": 20,
          "status": "pending",
          "preview": "פוסט pending",
          "tabText": "בהמתנהמחוון תוכן חדש‏21‏ פוסטי"
        },
        {
          "postId": 21,
          "status": "pending",
          "preview": "פוסט pending",
          "tabText": "בהמתנהמחוון תוכן חדש‏21‏ פוסטי"
        },
        {
          "postId": 22,
          "status": "pending",
          "preview": "פוסט pending",
          "tabText": "בהמתנהמחוון תוכן חדש‏21‏ פוסטי"
        },
        {
          "postId": 23,
          "status": "pending",
          "preview": "פוסט pending",
          "tabText": "בהמתנהמחוון תוכן חדש‏21‏ פוסטי"
        },
        {
          "postId": 24,
          "status": "pending",
          "preview": "פוסט pending",
          "tabText": "בהמתנהמחוון תוכן חדש‏21‏ פוסטי"
        },
        {
          "postId": 25,
          "status": "pending",
          "preview": "פוסט pending",
          "tabText": "בהמתנהמחוון תוכן חדש‏21‏ פוסטי"
        },
        {
          "postId": 26,
          "status": "pending",
          "preview": "פוסט pending",
          "tabText": "בהמתנהמחוון תוכן חדש‏21‏ פוסטי"
        },
        {
          "postId": 27,
          "status": "pending",
          "preview": "פוסט pending",
          "tabText": "בהמתנהמחוון תוכן חדש‏21‏ פוסטי"
        },
        {
          "postId": 28,
          "status": "pending",
          "preview": "פוסט pending",
          "tabText": "בהמתנהמחוון תוכן חדש‏21‏ פוסטי"
        },
        {
          "postId": 29,
          "status": "pending",
          "preview": "פוסט pending",
          "tabText": "בהמתנהמחוון תוכן חדש‏21‏ פוסטי"
        },
        {
          "postId": 30,
          "status": "pending",
          "preview": "פוסט pending",
          "tabText": "בהמתנהמחוון תוכן חדש‏21‏ פוסטי"
        },
        {
          "postId": 31,
          "status": "pending",
          "preview": "פוסט pending",
          "tabText": "בהמתנהמחוון תוכן חדש‏21‏ פוסטי"
        },
        {
          "postId": 32,
          "status": "pending",
          "preview": "פוסט pending",
          "tabText": "בהמתנהמחוון תוכן חדש‏21‏ פוסטי"
        },
        {
          "postId": 33,
          "status": "pending",
          "preview": "פוסט pending",
          "tabText": "בהמתנהמחוון תוכן חדש‏21‏ פוסטי"
        },
        {
          "postId": 34,
          "status": "pending",
          "preview": "פוסט pending",
          "tabText": "בהמתנהמחוון תוכן חדש‏21‏ פוסטי"
        },
        {
          "postId": 35,
          "status": "pending",
          "preview": "פוסט pending",
          "tabText": "בהמתנהמחוון תוכן חדש‏21‏ פוסטי"
        },
        {
          "postId": 36,
          "status": "pending",
          "preview": "פוסט pending",
          "tabText": "בהמתנהמחוון תוכן חדש‏21‏ פוסטי"
        },
        {
          "postId": 37,
          "status": "pending",
          "preview": "פוסט pending",
          "tabText": "בהמתנהמחוון תוכן חדש‏21‏ פוסטי"
        },
        {
          "postId": 38,
          "status": "pending",
          "preview": "פוסט pending",
          "tabText": "בהמתנהמחוון תוכן חדש‏21‏ פוסטי"
        },
        {
          "postId": 39,
          "status": "pending",
          "preview": "פוסט pending",
          "tabText": "בהמתנהמחוון תוכן חדש‏21‏ פוסטי"
        },
        {
          "postId": 40,
          "status": "pending",
          "preview": "פוסט pending",
          "tabText": "בהמתנהמחוון תוכן חדש‏21‏ פוסטי"
        },
        {
          "postId": 41,
          "status": "pending",
          "preview": "פוסט pending",
          "tabText": "בהמתנהמחוון תוכן חדש‏21‏ פוסטי"
        },
        {
          "postId": 42,
          "status": "pending",
          "preview": "פוסט pending",
          "tabText": "בהמתנהמחוון תוכן חדש‏21‏ פוסטי"
        }
      ],
      "totalPosts": 42,
      "statusCounts": {
        "published": 0,
        "pending": 42,
        "rejected": 0,
        "removed": 0,
        "draft": 0,
        "unknown": 0
      },
      "scanTime": "2025-09-09T08:06:14.495Z",
      "success": true
    }
  ]
}